sample_id,dataset,task,question,answer,answers,metadata,has_image
textvqa_81,textvqa,textvqa,what is written in white above the meter message to the left?,f11,"[""f11"", ""f11"", ""f11"", ""f11"", ""f11"", ""fail"", ""f11"", ""fail"", ""f11"", ""four hours""]","{""raw_index"": 81, ""image_id"": ""0b12f7cbdc590684""}",True
textvqa_14,textvqa,textvqa,what number is visible on the man on the left?,15,"[""15"", ""15"", ""1"", ""15"", ""13"", ""1"", ""15"", ""15"", ""15"", ""15""]","{""raw_index"": 14, ""image_id"": ""0069ee6a94eca6d8""}",True
textvqa_3,textvqa,textvqa,whose bride is featured?,frankenstein,"[""frankenstein"", ""the bride of frankenstein"", ""bride of frankenstein"", ""frankenstein"", ""frankenstein"", ""frankenstein"", ""frankenstein"", ""frankenstein"", ""frankstein"", ""frankenstein""]","{""raw_index"": 3, ""image_id"": ""40bcb02e7c8b02a3""}",True
textvqa_94,textvqa,textvqa,what is the name of the drink?,club-mate,"[""club mate"", ""club-mate"", ""club-mate"", ""club-mate"", ""club-mate"", ""club mate"", ""club-mate"", ""club-mate"", ""club-mate"", ""club-mate""]","{""raw_index"": 94, ""image_id"": ""4a3c7bdc29de03cf""}",True
textvqa_35,textvqa,textvqa,what year is on the poster?,2007,"[""2007"", ""mikes"", ""2007"", ""2007"", ""2007"", ""2007"", ""2007"", ""2007"", ""2007"", ""2007""]","{""raw_index"": 35, ""image_id"": ""ce78d6d494e275f7""}",True
textvqa_31,textvqa,textvqa,what bank is on the top ad?,hsbc,"[""hsbc"", ""hsbc"", ""hsbc"", ""hsbc"", ""hsbc"", ""hsbc"", ""hsbc"", ""hsbc"", ""hsbc"", ""hsbc""]","{""raw_index"": 31, ""image_id"": ""00c098c7959397c3""}",True
textvqa_28,textvqa,textvqa,what jersey number is on the grey one?,5,"[""5"", ""5"", ""5"", ""5"", ""5"", ""5"", ""5"", ""5"", ""5"", ""5""]","{""raw_index"": 28, ""image_id"": ""5c5df881ad59f698""}",True
textvqa_17,textvqa,textvqa,what does it say behind the sign?,unanswerable,"[""unanswerable"", ""unanswerable"", ""buc"", ""prefrencia"", ""buc"", ""unanswerable"", ""unanswerable"", ""preferencia"", ""unanswerable"", ""buc""]","{""raw_index"": 17, ""image_id"": ""437b0f0809583112""}",True
textvqa_13,textvqa,textvqa,how much does the tall frappuccino cost?,540,"[""v540"", ""v450"", ""540 yen"", ""540"", ""540 yen"", ""y540"", ""540"", ""540"", ""540"", ""540""]","{""raw_index"": 13, ""image_id"": ""b06a403ff8b8d404""}",True
textvqa_86,textvqa,textvqa,what kind of readings are advertised?,tea leaf,"[""tea leaf"", ""tea leaf"", ""tea leaf"", ""tea leaf"", ""tea leaf"", ""tea leaf"", ""tea leaf"", ""tea leaf"", ""tea leaf"", ""tea leaf""]","{""raw_index"": 86, ""image_id"": ""c01944b19a7ee7e9""}",True
textvqa_69,textvqa,textvqa,what is the local seed for?,local food,"[""local food"", ""local food"", ""local food"", ""local food"", ""local food"", ""local food"", ""8.90"", ""local food"", ""local food"", ""local food""]","{""raw_index"": 69, ""image_id"": ""807bb23c0ebd1f9a""}",True
textvqa_11,textvqa,textvqa,what percent alcohol is this drink?,40,"[""40"", ""16"", ""40"", ""40%"", ""40%"", ""16"", ""40%"", ""unanswerable"", ""pharmacy"", ""40""]","{""raw_index"": 11, ""image_id"": ""5f5ca99afa5265f5""}",True
textvqa_75,textvqa,textvqa,"will this graphic,graflex, photography book use full for photographers ?",yes,"[""yes"", ""yes"", ""yes"", ""yes"", ""yes"", ""yes"", ""answering does not require reading text in the image"", ""unanswerable"", ""yes"", ""yes""]","{""raw_index"": 75, ""image_id"": ""b3aed13e75e83fe5""}",True
textvqa_54,textvqa,textvqa,what number is the right on the left?,9,"[""9"", ""9"", ""9"", ""7"", ""9"", ""14"", ""9"", ""9"", ""9"", ""14""]","{""raw_index"": 54, ""image_id"": ""d512408fbd412ecd""}",True
textvqa_4,textvqa,textvqa,what is the year of the pinot grigio?,2006,"[""2006"", ""2006"", ""2006"", ""2006"", ""2006"", ""2006"", ""2006"", ""2006"", ""2006"", ""2006""]","{""raw_index"": 4, ""image_id"": ""0147562d48d839ca""}",True
textvqa_97,textvqa,textvqa,frontiers of what?,interaction,"[""interactions"", ""interaction"", ""10"", ""interaction"", ""interaction"", ""interaction"", ""interaction"", ""interaction"", ""interaction"", ""interaction""]","{""raw_index"": 97, ""image_id"": ""7bb63151e8d69962""}",True
textvqa_88,textvqa,textvqa,what does the other text on the diploma say?,university of phoenix,"[""unanswerable"", ""university of phoneix"", ""unanswerable"", ""university of phoenix"", ""university of phoenix victor xavier martinez master of science in nursing"", ""university of phoenix"", ""university of pheonix"", ""university of pheonix"", ""university of phoenix"", ""no text in image""]","{""raw_index"": 88, ""image_id"": ""1abcf3116b521888""}",True
textvqa_27,textvqa,textvqa,what brand are the monitors at this workspace?,dell,"[""dell"", ""dell"", ""dell"", ""dell"", ""dell"", ""dell"", ""dell"", ""dell"", ""dell"", ""dell""]","{""raw_index"": 27, ""image_id"": ""0046c69cb87e655c""}",True
textvqa_29,textvqa,textvqa,what flavors are available?,unanswerable,"[""unanswerable"", ""imperial"", ""imperial"", ""imperial"", ""unanswerable"", ""unanswerable"", ""unanswerable"", ""unanswerable"", ""unanswerable"", ""unanswerable""]","{""raw_index"": 29, ""image_id"": ""a21f6076b2ceb2d9""}",True
textvqa_64,textvqa,textvqa,is the right watch a tudor watch?,yes,"[""yes"", ""yes"", ""yes"", ""yes"", ""yes"", ""yes"", ""yes"", ""yes"", ""yes"", ""yes""]","{""raw_index"": 64, ""image_id"": ""1fce98de54e23e5f""}",True
textvqa_77,textvqa,textvqa,what number is on his shirt?,5,"[""5"", ""german style"", ""5"", ""5"", ""5"", ""5"", ""5"", ""5"", ""5"", ""5""]","{""raw_index"": 77, ""image_id"": ""0dc6c613c531c303""}",True
textvqa_84,textvqa,textvqa,what brand of computer?,acer,"[""acer"", ""acer"", ""acer"", ""acer"", ""acer"", ""acer"", ""acer"", ""barca"", ""acer"", ""aclf""]","{""raw_index"": 84, ""image_id"": ""0fdff6396855f6c1""}",True
textvqa_71,textvqa,textvqa,what goes crunch in this recipe?,coffee,"[""coffee"", ""coffee"", ""coffee"", ""coffee"", ""coffee"", ""coffee"", ""coffee"", ""coffee"", ""coffee"", ""coffee""]","{""raw_index"": 71, ""image_id"": ""0b6268699f9954de""}",True
textvqa_25,textvqa,textvqa,what unit of measurement is the measuring tape in?,inches,"[""inces"", ""inches"", ""cm"", ""meters"", ""1"", ""cm"", ""inches"", ""unanswerable"", ""unanswerable"", ""inches""]","{""raw_index"": 25, ""image_id"": ""1b6a192ae0c7d65f""}",True
textvqa_89,textvqa,textvqa,who wears number 48?,mitchell,"[""mitchell"", ""mitchell"", ""mitchell"", ""mitchell"", ""mitchell"", ""mitchell"", ""mitchell"", ""mitchell"", ""mitchell"", ""mitchell""]","{""raw_index"": 89, ""image_id"": ""c897cf6df86daec4""}",True
textvqa_53,textvqa,textvqa,what color is 'get gnarly' printed in?,answering does not require reading text in the image,"[""grandprix dubisque"", ""answering does not require reading text in the image"", ""green"", ""answering does not require reading text in the image"", ""yes"", ""answering does not require reading text in the image"", ""green"", ""answering does not require reading text in the image"", ""green"", ""green""]","{""raw_index"": 53, ""image_id"": ""5340f808edc8d5c3""}",True
textvqa_93,textvqa,textvqa,what type of wine is shown?,zinfandel,"[""zinfandel"", ""ravenswood winters blend"", ""zinfandel"", ""ravenswood vintners blend - zinfandel"", ""ravenswood"", ""15mph"", ""zinfandel"", ""zinfandel"", ""vintners blend"", ""zinfandel""]","{""raw_index"": 93, ""image_id"": ""a93c812b36f9f5b4""}",True
textvqa_57,textvqa,textvqa,is the word huntington on the sign behind the man?,yes,"[""yes"", ""yes"", ""yes"", ""yes"", ""yes"", ""yes"", ""yes"", ""07-th-fd"", ""yes"", ""yes""]","{""raw_index"": 57, ""image_id"": ""aea7358779794f86""}",True
textvqa_95,textvqa,textvqa,what is the bottom right word on the sign in the back?,pacific,"[""navfac"", ""pacific"", ""pacific"", ""pacific"", ""pacific"", ""pacific"", ""pacific"", ""pacific"", ""pacific"", ""pacific""]","{""raw_index"": 95, ""image_id"": ""529658176281eec3""}",True
textvqa_0,textvqa,textvqa,what kind of vodka is on the shelf?,grey goose,"[""grey goose,ketel one"", ""grey goose"", ""grey goose"", ""grey goose"", ""grey goose"", ""absolut"", ""grey goose"", ""grey goose"", ""grey goose"", ""grey goose""]","{""raw_index"": 0, ""image_id"": ""ef5b03d3ec810a0f""}",True
textvqa_20,textvqa,textvqa,how long is this gun?,10,"[""4"", ""10 inches"", ""10"", ""10"", ""10 cm"", ""10"", ""10"", ""10 inches"", ""lennox robinson"", ""10 inches""]","{""raw_index"": 20, ""image_id"": ""23de66ad78278ab8""}",True
textvqa_90,textvqa,textvqa,what's the number on the keyboard?,9,"[""9"", ""9"", ""9"", ""9"", ""9"", ""9"", ""9"", ""9"", ""9"", ""6""]","{""raw_index"": 90, ""image_id"": ""a31bd9e03ed051ed""}",True
textvqa_43,textvqa,textvqa,what version number is the lg pad?,8.3,"[""8.3"", ""8.3"", ""8.3"", ""8.3"", ""8.3"", ""8.3"", ""lg"", ""8.3"", ""8.3"", ""8.3""]","{""raw_index"": 43, ""image_id"": ""0648077918a79ddf""}",True
textvqa_79,textvqa,textvqa,what beer is on the left?,sol,"[""imported"", ""sol"", ""sol"", ""sol"", ""sol"", ""sol\\"", ""sol"", ""sol"", ""sol"", ""sol""]","{""raw_index"": 79, ""image_id"": ""ae31a1993fe5af2c""}",True
textvqa_19,textvqa,textvqa,what time is displayed on the clock?,4:25,"[""4:24"", ""5:25"", ""4.24"", ""4:25"", ""4:24"", ""4:25"", ""10:25"", ""5:25"", ""4:25"", ""4:55""]","{""raw_index"": 19, ""image_id"": ""be899e86372eac49""}",True
textvqa_82,textvqa,textvqa,what brand of laptop is this?,samsung,"[""samsung"", ""samsung"", ""samsung"", ""samsung"", ""samsung"", ""samsung"", ""samsung"", ""samsung"", ""samsung"", ""samsung""]","{""raw_index"": 82, ""image_id"": ""80bdb60e84b3deb9""}",True
textvqa_67,textvqa,textvqa,what does the note attached to the typewriter say?,adler type writer a/f cback room,"[""adler type writer a/f cback room 25"", ""adler typewriter"", ""adler type writer a/f back room"", ""adler type writer a/f cback room"", ""adler typewriter a/f backroom"", ""adler type write-r a/f cback room"", ""adler typewriter a/f back room"", ""adler type writer aif backroom 25 euros"", ""adler type write a/f (back room e25"", ""adler type writer a/f cback room""]","{""raw_index"": 67, ""image_id"": ""b103e7b42c9d15ea""}",True
textvqa_6,textvqa,textvqa,what type of alcohol is in the bottles?,tequila,"[""tequilla"", ""tequila"", ""tequila"", ""tequila"", ""tequila"", ""jose cuervo"", ""tequila"", ""tequila"", ""tequilla"", ""tequila""]","{""raw_index"": 6, ""image_id"": ""a538b3174e0ae3de""}",True
textvqa_5,textvqa,textvqa,what key is to the left of space bar?,ap2,"[""ap2"", ""ap2"", ""ap2"", ""ap2"", ""ap2"", ""apq"", ""ap2"", ""ap2"", ""ap2"", ""ap2""]","{""raw_index"": 5, ""image_id"": ""0efb0ebc609044dc""}",True
textvqa_24,textvqa,textvqa,does it say to celebrate?,yes,"[""yes"", ""yes"", ""mets"", ""yes"", ""yes"", ""marietta 175"", ""yes"", ""marietta"", ""yes"", ""yes""]","{""raw_index"": 24, ""image_id"": ""6c270d38b9bfde71""}",True
textvqa_62,textvqa,textvqa,where do you sign up for the army according to the poster?,nearest recruiting station,"[""nearest recruiting station"", ""recruiting station"", ""nearest recruiting station"", ""nearest recruiting station"", ""nearest recruiting station"", ""nearest recruiting station"", ""the nearest recruiting station"", ""nearest recruiting station"", ""nearest recruiting station"", ""nearest recruiting station""]","{""raw_index"": 62, ""image_id"": ""40917a1218312a0c""}",True
textvqa_22,textvqa,textvqa,what is the brewery featured on the side of the fridge?,heineken,"[""beineken"", ""heineken"", ""heineken"", ""heineken"", ""el comercio"", ""heineken"", ""heineken"", ""heineken"", ""heineken"", ""heineken""]","{""raw_index"": 22, ""image_id"": ""1a1dc4f649c70562""}",True
textvqa_68,textvqa,textvqa,what is this image about?,transitioning,"[""transitioning"", ""transitioning"", ""transitioning"", ""transitioning"", ""transitioning"", ""transitioning"", ""transitioning"", ""transitioning"", ""transitioning"", ""transitioning""]","{""raw_index"": 68, ""image_id"": ""2fca28cdced9ebe4""}",True
textvqa_58,textvqa,textvqa,is this an apple iphone?,yes,"[""yes"", ""yes"", ""yes"", ""yes"", ""yes"", ""yes"", ""yes"", ""yes"", ""yes"", ""yes""]","{""raw_index"": 58, ""image_id"": ""d8b2316ec6ffe87a""}",True
textvqa_38,textvqa,textvqa,4 big letters in the bottom left of this powerpoint?,oppl,"[""oppl"", ""oppl"", ""oppi"", ""oppl"", ""oppi"", ""oppi"", ""appi"", ""appi"", ""oppl"", ""oppl""]","{""raw_index"": 38, ""image_id"": ""dc96c931d44aa816""}",True
textvqa_16,textvqa,textvqa,how much is this app?,free,"[""free"", ""free"", ""free"", ""free"", ""free"", ""free"", ""free"", ""free"", ""illegal"", ""free""]","{""raw_index"": 16, ""image_id"": ""53b1a9eb1caf325d""}",True
textvqa_51,textvqa,textvqa,which street is indicated on the green sign?,7 av,"[""7th"", ""7 av"", ""47th"", ""7 av"", ""7 av"", ""7 av"", ""7 ave"", ""7 av"", ""7 av"", ""7 av""]","{""raw_index"": 51, ""image_id"": ""012177742de13113""}",True
textvqa_2,textvqa,textvqa,what features does the remote have?,sanitized,"[""sanitized"", ""sanitizing"", ""sanitized"", ""it is sanitized"", ""sanatized"", ""antimicrobial"", ""sanitized"", ""sanitized"", ""sanitized remote"", ""sanitized""]","{""raw_index"": 2, ""image_id"": ""3aa11d45bbaa9a73""}",True
textvqa_46,textvqa,textvqa,what brand of cologne is this?,chic,"[""chic"", ""chick"", ""chic for men"", ""chic"", ""chic"", ""chic"", ""chic"", ""banana bread"", ""chic"", ""chick""]","{""raw_index"": 46, ""image_id"": ""b2dc4a44ca8fb644""}",True
textvqa_99,textvqa,textvqa,what number is the exit?,18b-a,"[""16 b-a"", ""188-a"", ""188-a"", ""188-a"", ""18"", ""ml"", ""18b-a"", ""18b-a"", ""18b-a"", ""18b-a""]","{""raw_index"": 99, ""image_id"": ""a07126586a3df8a2""}",True
textvqa_34,textvqa,textvqa,what kind of material causes the risk?,volcanic,"[""volcanic"", ""volcanic"", ""volcanic material"", ""volanic"", ""high risk"", ""volcanic"", ""volcanic"", ""volcanic"", ""volcanic material"", ""volcanic material""]","{""raw_index"": 34, ""image_id"": ""7d95d6ca2ab6121d""}",True
textvqa_7,textvqa,textvqa,what are happening to children?,dying,"[""chidren are dying to know the difference"", ""dying"", ""dying"", ""children are dying to know the difference!"", ""poisoning"", ""they are dying to know the difference"", ""dying"", ""dying from drinking poison that looks like juice"", ""dying"", ""children are dying to know the difference""]","{""raw_index"": 7, ""image_id"": ""2e0f367bd1094a8f""}",True
textvqa_60,textvqa,textvqa,what is the male author of both books shown?,john chapman,"[""john chapman"", ""john chapman"", ""john chapman"", ""john chapman"", ""europcar.nl"", ""john chapman"", ""john chapman"", ""john chapman"", ""john chapman"", ""john chapman""]","{""raw_index"": 60, ""image_id"": ""cf68eaf4315773dc""}",True
textvqa_61,textvqa,textvqa,what type of beer is labeled?,zwickel,"[""zwickel"", ""zwickes"", ""zwickel lager"", ""zwickel"", ""zwickel"", ""lager"", ""lager"", ""zwickel"", ""urban chestnut"", ""lager""]","{""raw_index"": 61, ""image_id"": ""415bbf9600c2d519""}",True
textvqa_66,textvqa,textvqa,whta´s the price of this set?,$1.98,"[""$1.98"", ""$1.98"", ""1.98"", ""1.98"", ""1.98"", ""$1.98"", ""1.98"", ""$1.98"", ""1.98"", ""$1.98""]","{""raw_index"": 66, ""image_id"": ""f6248c83019e8913""}",True
textvqa_18,textvqa,textvqa,what year is this tax return from?,2011,"[""casarsa"", ""2011"", ""2011"", ""2011"", ""2011"", ""2011"", ""2011"", ""2011"", ""2011"", ""2011""]","{""raw_index"": 18, ""image_id"": ""e4677b5004822d5c""}",True
textvqa_40,textvqa,textvqa,what dark night is pictured on the gotham underground comic?,batman,"[""batman"", ""batman"", ""batman"", ""batman"", ""batman"", ""batman"", ""no text in image"", ""batman"", ""quartz"", ""batman""]","{""raw_index"": 40, ""image_id"": ""f69007a16720393f""}",True
textvqa_39,textvqa,textvqa,what's the phone number on the bus?,29267222,"[""29267222"", ""2926-7222"", ""2926 7222"", ""29267222"", ""29267222"", ""29267222"", ""29267222"", ""2926-7222"", ""29267222"", ""29267222""]","{""raw_index"": 39, ""image_id"": ""0000599864fd15b3""}",True
textvqa_23,textvqa,textvqa,how many different ways can you go?,one,"[""one"", ""one"", ""one way"", ""one way"", ""one"", ""one way"", ""one"", ""1"", ""1"", ""one""]","{""raw_index"": 23, ""image_id"": ""ad2f47d37e66b093""}",True
textvqa_36,textvqa,textvqa,"what are the three letters in a circle, on the strip of black advertising?",eae,"[""eae"", ""eae"", ""sas"", ""eae"", ""eae"", ""eae"", ""eas"", ""faf"", ""eae"", ""eae""]","{""raw_index"": 36, ""image_id"": ""3f6be0aaa3c2528b""}",True
textvqa_12,textvqa,textvqa,is this a qwerty keyboard?,yes,"[""yes"", ""no"", ""yes"", ""yes"", ""yes"", ""yes"", ""yes"", ""yes"", ""yes"", ""answering does not require reading text in the image""]","{""raw_index"": 12, ""image_id"": ""7a5398894d3ac455""}",True
textvqa_85,textvqa,textvqa,what should you be cautioned about?,vehicles exiting,"[""vehicles exiting"", ""vehicles exiting"", ""vehicles exiting"", ""vehicles exiting"", ""vehicles exiting"", ""vehicles exiting"", ""vehicles exiting"", ""vehicles exiting"", ""vehicles exiting"", ""vehicles exiting""]","{""raw_index"": 85, ""image_id"": ""4c0b434943eb84f6""}",True
textvqa_52,textvqa,textvqa,what website is this from?,mech9.com,"[""loop"", ""mech9.com"", ""mech9.com"", ""mech9"", ""mech9.com"", ""mech9.com"", ""mech9.com"", ""mech9.com"", ""mech9.com"", ""mech9.com""]","{""raw_index"": 52, ""image_id"": ""1e974a26a7699e2c""}",True
textvqa_98,textvqa,textvqa,is there a book on word games?,yes,"[""yes"", ""yes"", ""yes"", ""yes"", ""yes"", ""yes"", ""yes"", ""yes"", ""yes"", ""yes""]","{""raw_index"": 98, ""image_id"": ""2480f50e1e012d13""}",True
textvqa_44,textvqa,textvqa,what city and state is on the left?,"rockford, illinois","[""rockford, illinois"", ""rockford, illinois"", ""rockford, illinois"", ""rockford, illinois"", ""rockford"", ""rockford, illinois"", ""rockford, illionois"", ""rockford illinois"", ""rockford, illinois"", ""rockford, illinois""]","{""raw_index"": 44, ""image_id"": ""c6a4171ba8820b56""}",True
textvqa_74,textvqa,textvqa,what does it say just above the arrow?,exhibition entrance,"[""exhibition entrance"", ""exhibition entrance"", ""the art of video games exhibition entrance"", ""exhibition entrance"", ""it says exhibition entrance."", ""exhibition entrance"", ""exhibition entrance"", ""exhibition entrance"", ""exhibition entrance"", ""exhibition entrance""]","{""raw_index"": 74, ""image_id"": ""e656b23e70093917""}",True
textvqa_63,textvqa,textvqa,how much are peanut butter cups?,4.29,"[""2.99"", ""4.29"", ""43"", ""4.29"", ""$4.29"", ""4.29"", ""4.29$"", ""4.29"", ""$4.29"", ""4.29""]","{""raw_index"": 63, ""image_id"": ""8f3ed44392d0e7cd""}",True
textvqa_59,textvqa,textvqa,which universal is it?,orlando,"[""orlando"", ""universal orlando"", ""orlando"", ""orlando"", ""halloween"", ""orlando"", ""orlando"", ""orlando"", ""orlando"", ""orlando""]","{""raw_index"": 59, ""image_id"": ""e0b694de21858986""}",True
textvqa_47,textvqa,textvqa,what types of books are advertised on the alter?,flyleaf,"[""flyleaf books"", ""flyleaf"", ""crafts"", ""flyleaf"", ""flyleaf"", ""flyleaf books"", ""flyleaf"", ""flyleaf books"", ""flyleaf"", ""fly leaf books""]","{""raw_index"": 47, ""image_id"": ""87b3cd85544084cf""}",True
textvqa_8,textvqa,textvqa,what is on first line on the sign?,fruit market,"[""fruit market"", ""fruit market"", ""fruit market"", ""fruit market"", ""fruit market"", ""fruit market"", ""fruit market"", ""fruit market"", ""fruit market"", ""fruit market""]","{""raw_index"": 8, ""image_id"": ""979794ed71489899""}",True
textvqa_33,textvqa,textvqa,does that shirt say something on it?,yes,"[""yes"", ""yes"", ""yes"", ""yes"", ""magniflex torpado"", ""yes"", ""yes - magniflex torpado"", ""yes"", ""yes"", ""magniflex""]","{""raw_index"": 33, ""image_id"": ""bdbf26933c859932""}",True
textvqa_87,textvqa,textvqa,what is the license plate number?,saii wuj,"[""saiiwuh"", ""saii wuj"", ""saii wuj"", ""saiiwuj"", ""saii wuj"", ""saii wuj"", ""saii wuj"", ""sa11wuj"", ""saiiwuj"", ""saiiwuj""]","{""raw_index"": 87, ""image_id"": ""0b415ced2601ea6e""}",True
textvqa_26,textvqa,textvqa,what version of windows is on this computer?,windows 2000 professional,"[""2000"", ""windows 2000 professional"", ""2000 professional"", ""professional"", ""2000"", ""windows 2000 professional"", ""2000 professional"", ""windows 2000 professional"", ""2000 professional"", ""windows professional 2000""]","{""raw_index"": 26, ""image_id"": ""c5fdafcc7d212886""}",True
textvqa_83,textvqa,textvqa,what war do they win?,cyberwar,"[""cyberwar"", ""cyberwar"", ""cyberwar"", ""cyberwar"", ""cyberwar"", ""cyberwar"", ""cyberwar"", ""cyberwar"", ""cyberwar"", ""cyber war""]","{""raw_index"": 83, ""image_id"": ""d0132a1d23c82df1""}",True
textvqa_49,textvqa,textvqa,what movie is this for?,top gun,"[""top gun"", ""top gun"", ""top gun"", ""top gun"", ""top gun"", ""top gun"", ""top gun"", ""top gun"", ""top gun"", ""top gun""]","{""raw_index"": 49, ""image_id"": ""bb2c217bef71c89e""}",True
textvqa_80,textvqa,textvqa,what phone model is being featured?,lg optimus one,"[""optimus one"", ""optimus one"", ""lg optimus one"", ""optiums one"", ""optimus one"", ""lg optimus one"", ""lg optimus one"", ""lg optimus one"", ""lg optimus one"", ""lg optimus""]","{""raw_index"": 80, ""image_id"": ""bf80ee556f97f14f""}",True
textvqa_96,textvqa,textvqa,what is the name of the beer?,darwin's downfall,"[""darwin's downell"", ""darwin's downfall"", ""darwin's downfall"", ""cau ban thach"", ""darwin's downfall"", ""darwins"", ""darwins downfall"", ""pwd 2462-2"", ""darwin's downfall"", ""darwin's downfall""]","{""raw_index"": 96, ""image_id"": ""e2010bdbb125611b""}",True
textvqa_32,textvqa,textvqa,what year was the nectar made in ?,2012,"[""heavy"", ""2012"", ""2012"", ""2012"", ""2012"", ""2012"", ""2012"", ""2012"", ""2012"", ""2012""]","{""raw_index"": 32, ""image_id"": ""76ef8b0dc965fb5a""}",True
textvqa_21,textvqa,textvqa,what country does this plane belong to?,usa,"[""usa"", ""us"", ""us"", ""unanswerable"", ""usa"", ""usa"", ""answering does not require reading text in the image"", ""united states"", ""united states"", ""united states""]","{""raw_index"": 21, ""image_id"": ""971ae33e4a1b5802""}",True
textvqa_30,textvqa,textvqa,what is the brand of this beer?,tsingtao,"[""tsingtao"", ""tsingtao"", ""tsingtao"", ""tsingtao"", ""tsingtao"", ""tsingtao"", ""tsingtao"", ""tsing tao"", ""tsingtao"", ""tsingtao""]","{""raw_index"": 30, ""image_id"": ""583bc452eb73e040""}",True
textvqa_37,textvqa,textvqa,what kind of watch is it?,rolex,"[""rolex"", ""rolex"", ""rolex"", ""rolex"", ""rolex"", ""rolex"", ""rolex"", ""answering does not require reading text in the image"", ""rolex"", ""rolex""]","{""raw_index"": 37, ""image_id"": ""0d7f8d8c9347b071""}",True
textvqa_76,textvqa,textvqa,is this a samsung battery?,yes,"[""yes"", ""yes"", ""yes"", ""yes"", ""yes"", ""yes"", ""yes"", ""yes"", ""yes"", ""yes""]","{""raw_index"": 76, ""image_id"": ""e9d6c10b6c12ee54""}",True
textvqa_92,textvqa,textvqa,what is written in the red box in the bottom right?,domori,"[""domori"", ""queensgate garage"", ""domori"", ""domori"", ""domori"", ""domori"", ""domori"", ""domori"", ""domori"", ""domori""]","{""raw_index"": 92, ""image_id"": ""3edd9289a3bb8c7a""}",True
textvqa_48,textvqa,textvqa,how many volumes of the green book are on the shelf?,12,"[""12"", ""12"", ""12"", ""12"", ""12"", ""12"", ""12"", ""12"", ""12"", ""12""]","{""raw_index"": 48, ""image_id"": ""fba2fdd3d6853275""}",True
textvqa_45,textvqa,textvqa,what is the big letter on the page?,t,"[""t"", ""t"", ""t"", ""t"", ""t"", ""t"", ""t"", ""t"", ""t"", ""t""]","{""raw_index"": 45, ""image_id"": ""4b271fb1e8db72f0""}",True
textvqa_72,textvqa,textvqa,what team does this man play for?,boer,"[""boer"", ""boer"", ""boer"", ""boer"", ""boer"", ""boer"", ""boer"", ""boer"", ""boer"", ""boer""]","{""raw_index"": 72, ""image_id"": ""1082b60d70c9a0bf""}",True
textvqa_56,textvqa,textvqa,is the name on the hoodie a sports team?,no,"[""no"", ""yes"", ""unanswerable"", ""no"", ""new york"", ""yes"", ""unanswerable"", ""new york"", ""no"", ""new york""]","{""raw_index"": 56, ""image_id"": ""f1904f98b359c0b4""}",True
textvqa_55,textvqa,textvqa,what country is this museum for?,united states,"[""united states"", ""the united states patent and trademark office museum"", ""usa"", ""usa"", ""us"", ""united states"", ""united states"", ""the united states"", ""united states"", ""united states""]","{""raw_index"": 55, ""image_id"": ""77b8576e0b407ab1""}",True
textvqa_10,textvqa,textvqa,what is the name of this series of books?,encyclopedia de mexico,"[""oracle olds"", ""encyclopedia de mexico"", ""mack"", ""encyclopedia de mexico"", ""encyclopedia de mexico"", ""encylopedia de mexico"", ""encyclopedia de mexico"", ""encyclopedia"", ""encyclopedia of mexico"", ""encyclopedia de mexico""]","{""raw_index"": 10, ""image_id"": ""0217600e51a09374""}",True
textvqa_73,textvqa,textvqa,what channel is the tv on?,29,"[""29"", ""29"", ""29"", ""bbc world"", ""bbc world"", ""29"", ""29"", ""29"", ""29"", ""29""]","{""raw_index"": 73, ""image_id"": ""38c3e0a498d056ed""}",True
textvqa_78,textvqa,textvqa,what is the product name?,ibangle,"[""ibangle"", ""ibangle"", ""ibangle"", ""ibangle"", ""ibangle"", ""ibangle"", ""ibangel"", ""ibangle"", ""ibangle"", ""ibangle""]","{""raw_index"": 78, ""image_id"": ""fe7bdbc8c6284075""}",True
textvqa_15,textvqa,textvqa,who is the artist on the billboard?,beck,"[""beck"", ""beck"", ""beck"", ""beck"", ""beck"", ""beck"", ""beck"", ""beck"", ""beck"", ""beck""]","{""raw_index"": 15, ""image_id"": ""b6d5d47d85d7f53e""}",True
textvqa_70,textvqa,textvqa,which brand are these shampoo products from?,vendome,"[""vendome"", ""vendome"", ""vendome"", ""vendome"", ""vendome"", ""vendome"", ""vendome"", ""vendome"", ""vendome"", ""vendome""]","{""raw_index"": 70, ""image_id"": ""0bd1777cb043f6a4""}",True
textvqa_1,textvqa,textvqa,what colored word can be seen on the billboard?,orange,"[""car talk"", ""orange"", ""bargain"", ""s"", ""orange"", ""bargain"", ""orange"", ""orange"", ""orange"", ""orange""]","{""raw_index"": 1, ""image_id"": ""85800ea6436b6b94""}",True
textvqa_50,textvqa,textvqa,what is the product designed to be used on?,face and body,"[""face and body"", ""face and body"", ""witch hazel"", ""face and body"", ""face and body"", ""face & body"", ""for face and body"", ""face and body"", ""face and body"", ""face and body""]","{""raw_index"": 50, ""image_id"": ""97c5ed8eb1005a65""}",True
textvqa_65,textvqa,textvqa,what airlines is this?,vietnam airlines,"[""vietnam airlines"", ""vietnam airlines"", ""vietnam airlines"", ""vietnam"", ""vietnam"", ""vietnam airline"", ""vietnam"", ""vietnam airlines"", ""vietnam airlines"", ""vietnam airlines""]","{""raw_index"": 65, ""image_id"": ""00577aade86fc041""}",True
textvqa_9,textvqa,textvqa,what is the title of the book?,trail of the dead,"[""trail of the dead"", ""trail of the dead"", ""trail of the dead"", ""trail of the dead"", ""trail of the dead"", ""trail of the dead"", ""trial of the dead"", ""trail of the dead"", ""trail of the dead"", ""trail of the dead""]","{""raw_index"": 9, ""image_id"": ""096618636a677ed4""}",True
textvqa_91,textvqa,textvqa,what year is the penny?,2012,"[""2012"", ""2012"", ""2012"", ""2012"", ""2012"", ""2012"", ""2012"", ""2012"", ""2012"", ""2012""]","{""raw_index"": 91, ""image_id"": ""fc0bbd346954d168""}",True
textvqa_41,textvqa,textvqa,what is the brand of hot sauce on the bottom left of the cabinet?,crystal,"[""crystal"", ""crystale"", ""cyrstal"", ""crystal"", ""crystal"", ""crystal"", ""crystal"", ""crystal"", ""crystal"", ""crystal""]","{""raw_index"": 41, ""image_id"": ""f02786677b68aa51""}",True
textvqa_42,textvqa,textvqa,what number is the player in white?,1,"[""1"", ""1"", ""1"", ""werft zammin"", ""1"", ""1"", ""1"", ""1"", ""1"", ""1""]","{""raw_index"": 42, ""image_id"": ""c721db45e54e2927""}",True
gqa_81,gqa,gqa,Where is the pump?,floor,"[""floor""]","{""raw_index"": 81, ""qa_index"": 0, ""image_id"": ""81"", ""full_answer"": ""The pump is on the floor."", ""num_available_qa_pairs"": 11}",True
gqa_14,gqa,gqa,Is the floor made of hardwood or brick?,hardwood,"[""hardwood""]","{""raw_index"": 14, ""qa_index"": 0, ""image_id"": ""14"", ""full_answer"": ""The floor is made of hardwood."", ""num_available_qa_pairs"": 49}",True
gqa_3,gqa,gqa,What vehicle is it?,carriage,"[""carriage""]","{""raw_index"": 3, ""qa_index"": 0, ""image_id"": ""3"", ""full_answer"": ""The vehicle is a carriage."", ""num_available_qa_pairs"": 22}",True
gqa_94,gqa,gqa,Is there either an large owl or cat in this photograph?,yes,"[""yes""]","{""raw_index"": 94, ""qa_index"": 0, ""image_id"": ""94"", ""full_answer"": ""Yes, there is a large owl."", ""num_available_qa_pairs"": 13}",True
gqa_35,gqa,gqa,Is the man to the left or to the right of the toilet in this scene?,left,"[""left""]","{""raw_index"": 35, ""qa_index"": 0, ""image_id"": ""35"", ""full_answer"": ""The man is to the left of the toilet."", ""num_available_qa_pairs"": 14}",True
gqa_31,gqa,gqa,Are there either trains or windows in the picture?,no,"[""no""]","{""raw_index"": 31, ""qa_index"": 0, ""image_id"": ""31"", ""full_answer"": ""No, there are no windows or trains."", ""num_available_qa_pairs"": 10}",True
gqa_28,gqa,gqa,Is the person on the beach wearing a coat?,no,"[""no""]","{""raw_index"": 28, ""qa_index"": 0, ""image_id"": ""28"", ""full_answer"": ""No, the woman is wearing a shirt."", ""num_available_qa_pairs"": 18}",True
gqa_17,gqa,gqa,Which side is the person on?,left,"[""left""]","{""raw_index"": 17, ""qa_index"": 0, ""image_id"": ""17"", ""full_answer"": ""The person is on the left of the image."", ""num_available_qa_pairs"": 6}",True
gqa_13,gqa,gqa,Which place is it?,zoo,"[""zoo""]","{""raw_index"": 13, ""qa_index"": 0, ""image_id"": ""13"", ""full_answer"": ""It is a zoo."", ""num_available_qa_pairs"": 3}",True
gqa_86,gqa,gqa,Is the ground red and tall?,no,"[""no""]","{""raw_index"": 86, ""qa_index"": 0, ""image_id"": ""86"", ""full_answer"": ""No, the ground is tall but green."", ""num_available_qa_pairs"": 6}",True
gqa_69,gqa,gqa,Does the silver device look open or closed?,open,"[""open""]","{""raw_index"": 69, ""qa_index"": 0, ""image_id"": ""69"", ""full_answer"": ""The telephone is open."", ""num_available_qa_pairs"": 9}",True
gqa_11,gqa,gqa,Is the field green or brown?,green,"[""green""]","{""raw_index"": 11, ""qa_index"": 0, ""image_id"": ""11"", ""full_answer"": ""The field is green."", ""num_available_qa_pairs"": 13}",True
gqa_75,gqa,gqa,Who is in front of the catcher?,man,"[""man""]","{""raw_index"": 75, ""qa_index"": 0, ""image_id"": ""75"", ""full_answer"": ""The man is in front of the catcher."", ""num_available_qa_pairs"": 13}",True
gqa_54,gqa,gqa,What color is that sky?,light blue,"[""light blue""]","{""raw_index"": 54, ""qa_index"": 0, ""image_id"": ""54"", ""full_answer"": ""The sky is light blue."", ""num_available_qa_pairs"": 7}",True
gqa_4,gqa,gqa,Is there either a black duck or seal?,no,"[""no""]","{""raw_index"": 4, ""qa_index"": 0, ""image_id"": ""4"", ""full_answer"": ""No, there is a duck but it is yellow."", ""num_available_qa_pairs"": 12}",True
gqa_97,gqa,gqa,Does the clock have a different color than the entrance?,yes,"[""yes""]","{""raw_index"": 97, ""qa_index"": 0, ""image_id"": ""97"", ""full_answer"": ""Yes, the clock is black and the entrance is white."", ""num_available_qa_pairs"": 7}",True
gqa_88,gqa,gqa,What is the lady wearing?,suit,"[""suit""]","{""raw_index"": 88, ""qa_index"": 0, ""image_id"": ""88"", ""full_answer"": ""The lady is wearing a suit."", ""num_available_qa_pairs"": 7}",True
gqa_27,gqa,gqa,On which side is the van?,left,"[""left""]","{""raw_index"": 27, ""qa_index"": 0, ""image_id"": ""27"", ""full_answer"": ""The van is on the left of the image."", ""num_available_qa_pairs"": 11}",True
gqa_29,gqa,gqa,Are there cabinets in this scene?,no,"[""no""]","{""raw_index"": 29, ""qa_index"": 0, ""image_id"": ""29"", ""full_answer"": ""No, there are no cabinets."", ""num_available_qa_pairs"": 6}",True
gqa_64,gqa,gqa,What animal is in front of the animal that is not large?,giraffe,"[""giraffe""]","{""raw_index"": 64, ""qa_index"": 0, ""image_id"": ""64"", ""full_answer"": ""The giraffe is in front of the animal."", ""num_available_qa_pairs"": 12}",True
gqa_77,gqa,gqa,Is there a bus in the street the people are on the side of?,no,"[""no""]","{""raw_index"": 77, ""qa_index"": 0, ""image_id"": ""77"", ""full_answer"": ""No, there is a car in the street."", ""num_available_qa_pairs"": 11}",True
gqa_84,gqa,gqa,Does the jacket look gray?,no,"[""no""]","{""raw_index"": 84, ""qa_index"": 0, ""image_id"": ""84"", ""full_answer"": ""No, the jacket is red."", ""num_available_qa_pairs"": 6}",True
gqa_71,gqa,gqa,Are there both a helmet and a bike in the picture?,yes,"[""yes""]","{""raw_index"": 71, ""qa_index"": 0, ""image_id"": ""71"", ""full_answer"": ""Yes, there are both a bike and a helmet."", ""num_available_qa_pairs"": 11}",True
gqa_25,gqa,gqa,The light post is on what?,pole,"[""pole""]","{""raw_index"": 25, ""qa_index"": 0, ""image_id"": ""25"", ""full_answer"": ""The light post is on the pole."", ""num_available_qa_pairs"": 2}",True
gqa_89,gqa,gqa,What is the man to the left of the woman wearing?,life jacket,"[""life jacket""]","{""raw_index"": 89, ""qa_index"": 0, ""image_id"": ""89"", ""full_answer"": ""The man is wearing a life vest."", ""num_available_qa_pairs"": 21}",True
gqa_53,gqa,gqa,What do you think is on the wall?,picture,"[""picture""]","{""raw_index"": 53, ""qa_index"": 0, ""image_id"": ""53"", ""full_answer"": ""The picture is on the wall."", ""num_available_qa_pairs"": 35}",True
gqa_93,gqa,gqa,Are there both a window and a door in this scene?,no,"[""no""]","{""raw_index"": 93, ""qa_index"": 0, ""image_id"": ""93"", ""full_answer"": ""No, there is a window but no doors."", ""num_available_qa_pairs"": 2}",True
gqa_57,gqa,gqa,Is the door white and closed?,no,"[""no""]","{""raw_index"": 57, ""qa_index"": 0, ""image_id"": ""57"", ""full_answer"": ""No, the door is white but open."", ""num_available_qa_pairs"": 13}",True
gqa_95,gqa,gqa,Are the container and the seat the same color?,no,"[""no""]","{""raw_index"": 95, ""qa_index"": 0, ""image_id"": ""95"", ""full_answer"": ""No, the container is green and the seat is white."", ""num_available_qa_pairs"": 13}",True
gqa_0,gqa,gqa,Are there any skateboards to the left of the chairs on the right?,no,"[""no""]","{""raw_index"": 0, ""qa_index"": 0, ""image_id"": ""0"", ""full_answer"": ""No, there is a motorcycle to the left of the chairs."", ""num_available_qa_pairs"": 6}",True
gqa_20,gqa,gqa,Do you see any dogs in the picture that are not brown?,yes,"[""yes""]","{""raw_index"": 20, ""qa_index"": 0, ""image_id"": ""20"", ""full_answer"": ""Yes, there is a white dog."", ""num_available_qa_pairs"": 9}",True
gqa_90,gqa,gqa,On which side is the toilet?,right,"[""right""]","{""raw_index"": 90, ""qa_index"": 0, ""image_id"": ""90"", ""full_answer"": ""The toilet is on the right of the image."", ""num_available_qa_pairs"": 1}",True
gqa_43,gqa,gqa,Are there any bottles to the right of the girl in the bottom of the photo?,yes,"[""yes""]","{""raw_index"": 43, ""qa_index"": 0, ""image_id"": ""43"", ""full_answer"": ""Yes, there is a bottle to the right of the girl."", ""num_available_qa_pairs"": 18}",True
gqa_79,gqa,gqa,On which side of the image are the people?,right,"[""right""]","{""raw_index"": 79, ""qa_index"": 0, ""image_id"": ""79"", ""full_answer"": ""The people are on the right of the image."", ""num_available_qa_pairs"": 6}",True
gqa_19,gqa,gqa,Is there any can or fence?,yes,"[""yes""]","{""raw_index"": 19, ""qa_index"": 0, ""image_id"": ""19"", ""full_answer"": ""Yes, there is a fence."", ""num_available_qa_pairs"": 6}",True
gqa_82,gqa,gqa,Which place is it?,ocean,"[""ocean""]","{""raw_index"": 82, ""qa_index"": 0, ""image_id"": ""82"", ""full_answer"": ""It is an ocean."", ""num_available_qa_pairs"": 13}",True
gqa_67,gqa,gqa,Who wears a shoe?,batter,"[""batter""]","{""raw_index"": 67, ""qa_index"": 0, ""image_id"": ""67"", ""full_answer"": ""The batter wears a shoe."", ""num_available_qa_pairs"": 5}",True
gqa_6,gqa,gqa,Is the brown food on the right side?,yes,"[""yes""]","{""raw_index"": 6, ""qa_index"": 0, ""image_id"": ""6"", ""full_answer"": ""Yes, the bun is on the right of the image."", ""num_available_qa_pairs"": 48}",True
gqa_5,gqa,gqa,Is there a knife to the right of the full beer next to the laptop computer?,no,"[""no""]","{""raw_index"": 5, ""qa_index"": 0, ""image_id"": ""5"", ""full_answer"": ""No, there is a keyboard to the right of the beer."", ""num_available_qa_pairs"": 15}",True
gqa_24,gqa,gqa,What is the color of the bridge?,green,"[""green""]","{""raw_index"": 24, ""qa_index"": 0, ""image_id"": ""24"", ""full_answer"": ""The bridge is green."", ""num_available_qa_pairs"": 8}",True
gqa_62,gqa,gqa,Are there motorbikes or cars?,no,"[""no""]","{""raw_index"": 62, ""qa_index"": 0, ""image_id"": ""62"", ""full_answer"": ""No, there are no motorbikes or cars."", ""num_available_qa_pairs"": 14}",True
gqa_22,gqa,gqa,Is the brown bag to the left of a towel?,no,"[""no""]","{""raw_index"": 22, ""qa_index"": 0, ""image_id"": ""22"", ""full_answer"": ""No, the bag is to the right of a towel."", ""num_available_qa_pairs"": 11}",True
gqa_68,gqa,gqa,What does this giraffe eat?,leaf,"[""leaf""]","{""raw_index"": 68, ""qa_index"": 0, ""image_id"": ""68"", ""full_answer"": ""The giraffe eats a leaf."", ""num_available_qa_pairs"": 3}",True
gqa_58,gqa,gqa,Is the container to the right of the candle pink and small?,yes,"[""yes""]","{""raw_index"": 58, ""qa_index"": 0, ""image_id"": ""58"", ""full_answer"": ""Yes, the container is pink and small."", ""num_available_qa_pairs"": 10}",True
gqa_38,gqa,gqa,Is the light lamp on the right side?,yes,"[""yes""]","{""raw_index"": 38, ""qa_index"": 0, ""image_id"": ""38"", ""full_answer"": ""Yes, the lamp is on the right of the image."", ""num_available_qa_pairs"": 26}",True
gqa_16,gqa,gqa,What color are the man boots?,gray,"[""gray""]","{""raw_index"": 16, ""qa_index"": 0, ""image_id"": ""16"", ""full_answer"": ""The boots are gray."", ""num_available_qa_pairs"": 15}",True
gqa_51,gqa,gqa,Do the wall and the computer have a different colors?,no,"[""no""]","{""raw_index"": 51, ""qa_index"": 0, ""image_id"": ""51"", ""full_answer"": ""No, both the wall and the computer are white."", ""num_available_qa_pairs"": 19}",True
gqa_2,gqa,gqa,What color is the light shirt?,brown,"[""brown""]","{""raw_index"": 2, ""qa_index"": 0, ""image_id"": ""2"", ""full_answer"": ""The shirt is brown."", ""num_available_qa_pairs"": 18}",True
gqa_46,gqa,gqa,Do you see chimneys on the roof of the house?,yes,"[""yes""]","{""raw_index"": 46, ""qa_index"": 0, ""image_id"": ""46"", ""full_answer"": ""Yes, there is a chimney on the roof."", ""num_available_qa_pairs"": 15}",True
gqa_99,gqa,gqa,Is the bread on the right side or on the left of the photo?,left,"[""left""]","{""raw_index"": 99, ""qa_index"": 0, ""image_id"": ""99"", ""full_answer"": ""The bread is on the left of the image."", ""num_available_qa_pairs"": 28}",True
gqa_34,gqa,gqa,Which kind of vehicle is it?,train,"[""train""]","{""raw_index"": 34, ""qa_index"": 0, ""image_id"": ""34"", ""full_answer"": ""The vehicle is a train."", ""num_available_qa_pairs"": 2}",True
gqa_7,gqa,gqa,Does the sky look cloudy?,no,"[""no""]","{""raw_index"": 7, ""qa_index"": 0, ""image_id"": ""7"", ""full_answer"": ""No, the sky is clear."", ""num_available_qa_pairs"": 1}",True
gqa_60,gqa,gqa,Is the man in the top part of the image?,no,"[""no""]","{""raw_index"": 60, ""qa_index"": 0, ""image_id"": ""60"", ""full_answer"": ""No, the man is in the bottom of the image."", ""num_available_qa_pairs"": 11}",True
gqa_61,gqa,gqa,What is the color of the mirror on the left?,blue,"[""blue""]","{""raw_index"": 61, ""qa_index"": 0, ""image_id"": ""61"", ""full_answer"": ""The mirror is blue."", ""num_available_qa_pairs"": 18}",True
gqa_66,gqa,gqa,Which side of the picture is the refrigerator on?,left,"[""left""]","{""raw_index"": 66, ""qa_index"": 0, ""image_id"": ""66"", ""full_answer"": ""The refrigerator is on the left of the image."", ""num_available_qa_pairs"": 8}",True
gqa_18,gqa,gqa,On which side of the picture is the happy person?,left,"[""left""]","{""raw_index"": 18, ""qa_index"": 0, ""image_id"": ""18"", ""full_answer"": ""The woman is on the left of the image."", ""num_available_qa_pairs"": 1}",True
gqa_40,gqa,gqa,What is growing on the shrub?,flowers,"[""flowers""]","{""raw_index"": 40, ""qa_index"": 0, ""image_id"": ""40"", ""full_answer"": ""The flowers are growing on the shrub."", ""num_available_qa_pairs"": 2}",True
gqa_39,gqa,gqa,Are there both a chair and a woman in the photo?,no,"[""no""]","{""raw_index"": 39, ""qa_index"": 0, ""image_id"": ""39"", ""full_answer"": ""No, there is a woman but no chairs."", ""num_available_qa_pairs"": 6}",True
gqa_23,gqa,gqa,How tall is the grass?,tall,"[""tall""]","{""raw_index"": 23, ""qa_index"": 0, ""image_id"": ""23"", ""full_answer"": ""The grass is tall."", ""num_available_qa_pairs"": 6}",True
gqa_36,gqa,gqa,Is the tap on the left side?,yes,"[""yes""]","{""raw_index"": 36, ""qa_index"": 0, ""image_id"": ""36"", ""full_answer"": ""Yes, the tap is on the left of the image."", ""num_available_qa_pairs"": 7}",True
gqa_12,gqa,gqa,What kind of vehicle is to the right of the clock?,carriage,"[""carriage""]","{""raw_index"": 12, ""qa_index"": 0, ""image_id"": ""12"", ""full_answer"": ""The vehicle is a carriage."", ""num_available_qa_pairs"": 12}",True
gqa_85,gqa,gqa,On which side of the picture is the brown rug?,right,"[""right""]","{""raw_index"": 85, ""qa_index"": 0, ""image_id"": ""85"", ""full_answer"": ""The rug is on the right of the image."", ""num_available_qa_pairs"": 5}",True
gqa_52,gqa,gqa,Is the pole behind a cow?,no,"[""no""]","{""raw_index"": 52, ""qa_index"": 0, ""image_id"": ""52"", ""full_answer"": ""No, the pole is behind the man."", ""num_available_qa_pairs"": 8}",True
gqa_98,gqa,gqa,Is the purse to the left of a person?,no,"[""no""]","{""raw_index"": 98, ""qa_index"": 0, ""image_id"": ""98"", ""full_answer"": ""No, the purse is to the right of a person."", ""num_available_qa_pairs"": 2}",True
gqa_44,gqa,gqa,Do the frisbee and the belt have the same color?,no,"[""no""]","{""raw_index"": 44, ""qa_index"": 0, ""image_id"": ""44"", ""full_answer"": ""No, the belt is black and the frisbee is white."", ""num_available_qa_pairs"": 11}",True
gqa_74,gqa,gqa,What clothing item is black?,jacket,"[""jacket""]","{""raw_index"": 74, ""qa_index"": 0, ""image_id"": ""74"", ""full_answer"": ""The clothing item is a jacket."", ""num_available_qa_pairs"": 26}",True
gqa_63,gqa,gqa,What kind of vehicle is this fence in front of?,truck,"[""truck""]","{""raw_index"": 63, ""qa_index"": 0, ""image_id"": ""63"", ""full_answer"": ""The fence is in front of the truck."", ""num_available_qa_pairs"": 36}",True
gqa_59,gqa,gqa,Are there any skyscrapers or cars?,yes,"[""yes""]","{""raw_index"": 59, ""qa_index"": 0, ""image_id"": ""59"", ""full_answer"": ""Yes, there is a skyscraper."", ""num_available_qa_pairs"": 3}",True
gqa_47,gqa,gqa,Which place is it?,garden,"[""garden""]","{""raw_index"": 47, ""qa_index"": 0, ""image_id"": ""47"", ""full_answer"": ""It is a garden."", ""num_available_qa_pairs"": 15}",True
gqa_8,gqa,gqa,Are there either bags or cars?,yes,"[""yes""]","{""raw_index"": 8, ""qa_index"": 0, ""image_id"": ""8"", ""full_answer"": ""Yes, there is a bag."", ""num_available_qa_pairs"": 16}",True
gqa_33,gqa,gqa,What fruits are orange?,oranges,"[""oranges""]","{""raw_index"": 33, ""qa_index"": 0, ""image_id"": ""33"", ""full_answer"": ""The fruits are oranges."", ""num_available_qa_pairs"": 8}",True
gqa_87,gqa,gqa,What does the person to the right of the person hold?,kite,"[""kite""]","{""raw_index"": 87, ""qa_index"": 0, ""image_id"": ""87"", ""full_answer"": ""The man holds the kite."", ""num_available_qa_pairs"": 23}",True
gqa_26,gqa,gqa,Is it clear?,no,"[""no""]","{""raw_index"": 26, ""qa_index"": 0, ""image_id"": ""26"", ""full_answer"": ""No, it is cloudy."", ""num_available_qa_pairs"": 11}",True
gqa_83,gqa,gqa,On which side of the image is the car?,left,"[""left""]","{""raw_index"": 83, ""qa_index"": 0, ""image_id"": ""83"", ""full_answer"": ""The car is on the left of the image."", ""num_available_qa_pairs"": 12}",True
gqa_49,gqa,gqa,Do you see either fences or skateboards in this photograph?,yes,"[""yes""]","{""raw_index"": 49, ""qa_index"": 0, ""image_id"": ""49"", ""full_answer"": ""Yes, there is a skateboard."", ""num_available_qa_pairs"": 10}",True
gqa_80,gqa,gqa,Could this place be a beach?,yes,"[""yes""]","{""raw_index"": 80, ""qa_index"": 0, ""image_id"": ""80"", ""full_answer"": ""Yes, it is a beach."", ""num_available_qa_pairs"": 14}",True
gqa_96,gqa,gqa,Is the curtain to the right or to the left of the cabinet that the paper towel is on?,left,"[""left""]","{""raw_index"": 96, ""qa_index"": 0, ""image_id"": ""96"", ""full_answer"": ""The curtain is to the left of the cabinet."", ""num_available_qa_pairs"": 26}",True
gqa_32,gqa,gqa,Is the microwave to the left of the refrigerator?,no,"[""no""]","{""raw_index"": 32, ""qa_index"": 0, ""image_id"": ""32"", ""full_answer"": ""No, the microwave is to the right of the refrigerator."", ""num_available_qa_pairs"": 10}",True
gqa_21,gqa,gqa,Which side of the photo is the salt shaker on?,right,"[""right""]","{""raw_index"": 21, ""qa_index"": 0, ""image_id"": ""21"", ""full_answer"": ""The salt shaker is on the right of the image."", ""num_available_qa_pairs"": 3}",True
gqa_30,gqa,gqa,Which color is the tennis racket?,blue,"[""blue""]","{""raw_index"": 30, ""qa_index"": 0, ""image_id"": ""30"", ""full_answer"": ""The tennis racket is blue."", ""num_available_qa_pairs"": 17}",True
gqa_37,gqa,gqa,Who is wearing a ring?,man,"[""man""]","{""raw_index"": 37, ""qa_index"": 0, ""image_id"": ""37"", ""full_answer"": ""The man is wearing a ring."", ""num_available_qa_pairs"": 12}",True
gqa_76,gqa,gqa,The person is where?,sidewalk,"[""sidewalk""]","{""raw_index"": 76, ""qa_index"": 0, ""image_id"": ""76"", ""full_answer"": ""The person is on the side walk."", ""num_available_qa_pairs"": 2}",True
gqa_92,gqa,gqa,Is the spoon to the left or to the right of the young boy?,right,"[""right""]","{""raw_index"": 92, ""qa_index"": 0, ""image_id"": ""92"", ""full_answer"": ""The spoon is to the right of the boy."", ""num_available_qa_pairs"": 24}",True
gqa_48,gqa,gqa,Is that surfboard wooden and large?,yes,"[""yes""]","{""raw_index"": 48, ""qa_index"": 0, ""image_id"": ""48"", ""full_answer"": ""Yes, the surfboard is wooden and large."", ""num_available_qa_pairs"": 20}",True
gqa_45,gqa,gqa,Is there either a fresh donut or pizza in this image?,yes,"[""yes""]","{""raw_index"": 45, ""qa_index"": 0, ""image_id"": ""45"", ""full_answer"": ""Yes, there are fresh donuts."", ""num_available_qa_pairs"": 6}",True
gqa_72,gqa,gqa,Is the device to the right of the speaker off or on?,on,"[""on""]","{""raw_index"": 72, ""qa_index"": 0, ""image_id"": ""72"", ""full_answer"": ""The screen is on."", ""num_available_qa_pairs"": 17}",True
gqa_56,gqa,gqa,What animal is standing under the tree in the field?,elephant,"[""elephant""]","{""raw_index"": 56, ""qa_index"": 0, ""image_id"": ""56"", ""full_answer"": ""The animal is an elephant."", ""num_available_qa_pairs"": 12}",True
gqa_55,gqa,gqa,The car that the bus is in front of is what color?,blue,"[""blue""]","{""raw_index"": 55, ""qa_index"": 0, ""image_id"": ""55"", ""full_answer"": ""The car is blue."", ""num_available_qa_pairs"": 12}",True
gqa_10,gqa,gqa,Are there rackets in this photo that are white?,no,"[""no""]","{""raw_index"": 10, ""qa_index"": 0, ""image_id"": ""10"", ""full_answer"": ""No, there is a racket but it is black."", ""num_available_qa_pairs"": 12}",True
gqa_73,gqa,gqa,Is the blue water murky or clear?,clear,"[""clear""]","{""raw_index"": 73, ""qa_index"": 0, ""image_id"": ""73"", ""full_answer"": ""The water is clear."", ""num_available_qa_pairs"": 19}",True
gqa_78,gqa,gqa,On which side is the pedestrian?,left,"[""left""]","{""raw_index"": 78, ""qa_index"": 0, ""image_id"": ""78"", ""full_answer"": ""The pedestrian is on the left of the image."", ""num_available_qa_pairs"": 26}",True
gqa_15,gqa,gqa,Are there girls or batters in the image?,no,"[""no""]","{""raw_index"": 15, ""qa_index"": 0, ""image_id"": ""15"", ""full_answer"": ""No, there are no batters or girls."", ""num_available_qa_pairs"": 4}",True
gqa_70,gqa,gqa,Is there any dog or cat in the photo?,yes,"[""yes""]","{""raw_index"": 70, ""qa_index"": 0, ""image_id"": ""70"", ""full_answer"": ""Yes, there is a cat."", ""num_available_qa_pairs"": 45}",True
gqa_1,gqa,gqa,Are there kites or beach chairs in this photo?,yes,"[""yes""]","{""raw_index"": 1, ""qa_index"": 0, ""image_id"": ""1"", ""full_answer"": ""Yes, there is a kite."", ""num_available_qa_pairs"": 4}",True
gqa_50,gqa,gqa,Do you see either a table or a bottle there?,no,"[""no""]","{""raw_index"": 50, ""qa_index"": 0, ""image_id"": ""50"", ""full_answer"": ""No, there are no bottles or tables."", ""num_available_qa_pairs"": 21}",True
gqa_65,gqa,gqa,Which side is the car on?,left,"[""left""]","{""raw_index"": 65, ""qa_index"": 0, ""image_id"": ""65"", ""full_answer"": ""The car is on the left of the image."", ""num_available_qa_pairs"": 8}",True
gqa_9,gqa,gqa,What is that clock on?,tower,"[""tower""]","{""raw_index"": 9, ""qa_index"": 0, ""image_id"": ""9"", ""full_answer"": ""The clock is on the tower."", ""num_available_qa_pairs"": 2}",True
gqa_91,gqa,gqa,Of what color is the animal in the bottom part?,brown,"[""brown""]","{""raw_index"": 91, ""qa_index"": 0, ""image_id"": ""91"", ""full_answer"": ""The animal is brown."", ""num_available_qa_pairs"": 17}",True
gqa_41,gqa,gqa,Are there surfboards or helmets?,yes,"[""yes""]","{""raw_index"": 41, ""qa_index"": 0, ""image_id"": ""41"", ""full_answer"": ""Yes, there is a surfboard."", ""num_available_qa_pairs"": 12}",True
gqa_42,gqa,gqa,What is on the bed?,pillows,"[""pillows""]","{""raw_index"": 42, ""qa_index"": 0, ""image_id"": ""42"", ""full_answer"": ""The pillows are on the bed."", ""num_available_qa_pairs"": 12}",True
vqav2_81,vqav2,vqav2,How many hot dogs are there?,2,"[""2"", ""2"", ""2"", ""2"", ""2"", ""2"", ""2"", ""2"", ""2"", ""2""]","{""raw_index"": 81, ""image_id"": ""55429""}",True
vqav2_14,vqav2,vqav2,Is the zebra grazing?,no,"[""yes"", ""no"", ""no"", ""no"", ""no"", ""yes"", ""no"", ""no"", ""no"", ""no""]","{""raw_index"": 14, ""image_id"": ""223174""}",True
vqav2_3,vqav2,vqav2,Is this a zoo?,yes,"[""no"", ""yes"", ""yes"", ""yes"", ""yes"", ""yes"", ""yes"", ""yes"", ""no"", ""yes""]","{""raw_index"": 3, ""image_id"": ""117869""}",True
vqav2_94,vqav2,vqav2,What is on the back of the truck?,lights,"[""lights"", ""equipment"", ""hose"", ""winch"", ""fire-fighting equipment"", ""tools"", ""ladder"", ""bumper"", ""nothing"", ""field""]","{""raw_index"": 94, ""image_id"": ""363887""}",True
vqav2_35,vqav2,vqav2,What's unusual about his tie?,lights,"[""lights"", ""tie is lit up"", ""color"", ""lights up"", ""it lights up"", ""lights"", ""lights"", ""lights"", ""lights up"", ""has lights""]","{""raw_index"": 35, ""image_id"": ""21604""}",True
vqav2_31,vqav2,vqav2,What kitchen appliance are they using?,refrigerator,"[""refrigerator"", ""fridge"", ""refrigerator"", ""fridge"", ""refrigerator"", ""fridge"", ""refrigerator"", ""refrigerator"", ""fridge"", ""fridge""]","{""raw_index"": 31, ""image_id"": ""425226""}",True
vqav2_28,vqav2,vqav2,Is he wearing a hat?,no,"[""no"", ""no"", ""no"", ""yes"", ""no"", ""no"", ""no"", ""no"", ""yes"", ""yes""]","{""raw_index"": 28, ""image_id"": ""62198""}",True
vqav2_17,vqav2,vqav2,What is the man making?,ties,"[""ties"", ""nothing"", ""ties"", ""tie"", ""ties"", ""ties"", ""ties"", ""neckties"", ""ties"", ""nothing""]","{""raw_index"": 17, ""image_id"": ""397303""}",True
vqav2_13,vqav2,vqav2,What is stuck in the cake?,flag,"[""american flag"", ""flag"", ""flags"", ""toothpick flag"", ""flag"", ""flag"", ""flag"", ""flag toothpick"", ""american flag"", ""flag""]","{""raw_index"": 13, ""image_id"": ""143450""}",True
vqav2_86,vqav2,vqav2,What color is the lead train car?,yellow,"[""yellow"", ""yellow"", ""yellow and black"", ""yellow"", ""yellow and gray"", ""yellow"", ""yellow"", ""yellow"", ""yellow"", ""yellow""]","{""raw_index"": 86, ""image_id"": ""416827""}",True
vqav2_69,vqav2,vqav2,What are the figures on the left side of the computer screen called?,icons,"[""icons"", ""icons"", ""speakers"", ""icons"", ""icons"", ""speakers"", ""icons"", ""speakers"", ""speakers"", ""icons""]","{""raw_index"": 69, ""image_id"": ""482970""}",True
vqav2_11,vqav2,vqav2,"Do pedestrians have the right of way crossing the street, at the time of the photo?",yes,"[""yes"", ""yes"", ""yes"", ""yes"", ""yes"", ""yes"", ""it depends on direction there is walk and don't walk icon"", ""yes"", ""yes"", ""yes""]","{""raw_index"": 11, ""image_id"": ""248767""}",True
vqav2_75,vqav2,vqav2,What is on the ground?,snow,"[""snow"", ""snow"", ""snow"", ""snow"", ""ice"", ""snow"", ""snow"", ""snow"", ""snow"", ""snow""]","{""raw_index"": 75, ""image_id"": ""33104""}",True
vqav2_54,vqav2,vqav2,Is this a delivery truck?,no,"[""no"", ""no"", ""no"", ""no"", ""no"", ""no"", ""no"", ""no"", ""no"", ""no""]","{""raw_index"": 54, ""image_id"": ""277869""}",True
vqav2_4,vqav2,vqav2,What holiday is the dog's hat for?,christmas,"[""christmas"", ""christmas"", ""christmas"", ""christmas"", ""christmas"", ""christmas"", ""christmas"", ""christmas"", ""christmas"", ""christmas""]","{""raw_index"": 4, ""image_id"": ""302260""}",True
vqav2_97,vqav2,vqav2,How many people in the picture are wearing glasses?,2,"[""2"", ""2"", ""2"", ""2"", ""2"", ""2"", ""2"", ""2"", ""2"", ""2""]","{""raw_index"": 97, ""image_id"": ""99416""}",True
vqav2_88,vqav2,vqav2,What are the letters on the side of the plane?,d-eoju,"[""d-eoju"", ""dojo"", ""dojo"", ""d-eoju"", ""d eoju"", ""d-eoju"", ""d-eoju"", ""dojo"", ""d-eoju"", ""on tail""]","{""raw_index"": 88, ""image_id"": ""445561""}",True
vqav2_27,vqav2,vqav2,What color is the sky?,blue,"[""blue"", ""blue"", ""blue"", ""blue"", ""blue"", ""blue"", ""blue"", ""blue"", ""blue"", ""blue""]","{""raw_index"": 27, ""image_id"": ""410221""}",True
vqav2_29,vqav2,vqav2,What is the substance coming out of the top of the machine?,smoke,"[""smoke"", ""smoke"", ""smoke"", ""smoke"", ""black smoke"", ""smoke"", ""smoke"", ""smoke"", ""smoke"", ""smoke""]","{""raw_index"": 29, ""image_id"": ""346107""}",True
vqav2_64,vqav2,vqav2,What color is the border of the whiteboard in the background?,black,"[""black"", ""dark brown"", ""black"", ""black"", ""black"", ""black"", ""black"", ""black"", ""black"", ""black""]","{""raw_index"": 64, ""image_id"": ""451120""}",True
vqav2_77,vqav2,vqav2,Will the person drown if he falls off?,no,"[""no"", ""no"", ""no"", ""no"", ""no"", ""no"", ""yes"", ""no"", ""no"", ""no""]","{""raw_index"": 77, ""image_id"": ""42190""}",True
vqav2_84,vqav2,vqav2,Does this dog look startled?,yes,"[""yes"", ""no"", ""yes"", ""yes"", ""yes"", ""yes"", ""yes"", ""yes"", ""yes"", ""yes""]","{""raw_index"": 84, ""image_id"": ""230619""}",True
vqav2_71,vqav2,vqav2,How many remotes are black?,5,"[""5"", ""5"", ""3"", ""5"", ""5"", ""5"", ""5"", ""5"", ""4"", ""5""]","{""raw_index"": 71, ""image_id"": ""242665""}",True
vqav2_25,vqav2,vqav2,How many meters are in the photo?,2,"[""2"", ""2"", ""2"", ""2"", ""2"", ""2"", ""2"", ""2"", ""2"", ""2""]","{""raw_index"": 25, ""image_id"": ""291144""}",True
vqav2_89,vqav2,vqav2,What color is the boy sock?,gray,"[""gray"", ""gray"", ""olive"", ""gray"", ""gray"", ""gray"", ""gray"", ""gray"", ""gray"", ""gray""]","{""raw_index"": 89, ""image_id"": ""161586""}",True
vqav2_53,vqav2,vqav2,Where is this?,tollbooth,"[""tollbooth"", ""tollbooth"", ""tollbooth"", ""toll road"", ""toll road"", ""toll pay station"", ""tollbooth"", ""tollbooth"", ""tollbooth"", ""customs""]","{""raw_index"": 53, ""image_id"": ""50355""}",True
vqav2_93,vqav2,vqav2,Are there any vegetables on the pizza?,yes,"[""yes"", ""yes"", ""yes"", ""yes"", ""yes"", ""yes"", ""yes"", ""yes"", ""yes"", ""yes""]","{""raw_index"": 93, ""image_id"": ""238806""}",True
vqav2_57,vqav2,vqav2,What color is the vehicle facing left?,blue and white,"[""blue and white"", ""blue and white"", ""blue"", ""blue"", ""blue"", ""blue and white"", ""blue and white"", ""blue and white"", ""blue/white"", ""blue and white""]","{""raw_index"": 57, ""image_id"": ""6074""}",True
vqav2_95,vqav2,vqav2,What is written on this cycle?,paso 750,"[""paso 750"", ""paso 750"", ""paso 750"", ""paso 750"", ""paso 750"", ""paso 750"", ""paso 750"", ""paso 750"", ""paso 750"", ""paso 750""]","{""raw_index"": 95, ""image_id"": ""272241""}",True
vqav2_0,vqav2,vqav2,Is it daytime?,no,"[""no"", ""no"", ""no"", ""no"", ""no"", ""no"", ""no"", ""no"", ""no"", ""no""]","{""raw_index"": 0, ""image_id"": ""100187""}",True
vqav2_20,vqav2,vqav2,What color are the bar stools?,green,"[""oak"", ""green"", ""green"", ""green"", ""green"", ""green"", ""green"", ""green"", ""green"", ""green""]","{""raw_index"": 20, ""image_id"": ""296065""}",True
vqav2_90,vqav2,vqav2,Did she take a full swing?,yes,"[""no"", ""yes"", ""yes"", ""yes"", ""no"", ""no"", ""yes"", ""yes"", ""no"", ""yes""]","{""raw_index"": 90, ""image_id"": ""498802""}",True
vqav2_43,vqav2,vqav2,What is the object on the left?,trash can,"[""toilet"", ""trash cans"", ""trash can"", ""garbage can"", ""toilet"", ""trash can"", ""trash can"", ""trash can"", ""trash bin"", ""garbage can""]","{""raw_index"": 43, ""image_id"": ""564851""}",True
vqav2_79,vqav2,vqav2,What season is this?,summer,"[""not sure"", ""summer"", ""summer"", ""summer"", ""summer"", ""summer"", ""summer"", ""summer"", ""summer"", ""spring""]","{""raw_index"": 79, ""image_id"": ""165009""}",True
vqav2_19,vqav2,vqav2,What color are the stripes?,white,"[""white"", ""white"", ""white"", ""white"", ""white"", ""white"", ""blue"", ""white"", ""black and white"", ""white""]","{""raw_index"": 19, ""image_id"": ""376667""}",True
vqav2_82,vqav2,vqav2,What color is his shirt?,black,"[""black"", ""black"", ""black"", ""black"", ""black"", ""black"", ""black"", ""black"", ""black"", ""black""]","{""raw_index"": 82, ""image_id"": ""564868""}",True
vqav2_67,vqav2,vqav2,Is this an ad?,no,"[""yes"", ""no"", ""no"", ""no"", ""yes"", ""no"", ""yes"", ""no"", ""yes"", ""no""]","{""raw_index"": 67, ""image_id"": ""358884""}",True
vqav2_6,vqav2,vqav2,What color is her dress?,gray,"[""gray"", ""brown"", ""gray"", ""blue"", ""not dress"", ""white"", ""gray"", ""gray and black"", ""white"", ""white""]","{""raw_index"": 6, ""image_id"": ""32364""}",True
vqav2_5,vqav2,vqav2,How many shrubs are in the yard?,0,"[""0"", ""0"", ""0"", ""0"", ""1"", ""3"", ""1"", ""0"", ""0"", ""0""]","{""raw_index"": 5, ""image_id"": ""297944""}",True
vqav2_24,vqav2,vqav2,What is in the sky?,planes,"[""planes"", ""planes"", ""planes"", ""planes"", ""clouds"", ""planes"", ""clouds"", ""clouds"", ""fighter planes"", ""airplanes""]","{""raw_index"": 24, ""image_id"": ""480133""}",True
vqav2_62,vqav2,vqav2,What is the man doing?,feeding elephants,"[""feeding"", ""gathering hay"", ""feeding elephant"", ""feeding elephants"", ""feeding elephants"", ""feeding elephants"", ""feeding"", ""feeding elephants"", ""feeding elephants"", ""feeding elephants""]","{""raw_index"": 62, ""image_id"": ""186240""}",True
vqav2_22,vqav2,vqav2,What kind of event is this?,conference,"[""meeting"", ""banquet"", ""wake"", ""conference"", ""dinner"", ""lunch"", ""conference"", ""conference"", ""conference"", ""conference""]","{""raw_index"": 22, ""image_id"": ""356280""}",True
vqav2_68,vqav2,vqav2,Is this easy terrain to hike?,no,"[""yes"", ""no"", ""no"", ""yes"", ""yes"", ""no"", ""no"", ""no"", ""no"", ""no""]","{""raw_index"": 68, ""image_id"": ""52851""}",True
vqav2_58,vqav2,vqav2,What type of hairstyle does this man have?,short,"[""buzz cut"", ""short"", ""short"", ""shaven"", ""short hair"", ""short"", ""close cropped"", ""bowl cut"", ""regular"", ""short""]","{""raw_index"": 58, ""image_id"": ""368836""}",True
vqav2_38,vqav2,vqav2,Is the bus green?,no,"[""no"", ""no"", ""no"", ""no"", ""no"", ""no"", ""no"", ""yes"", ""no"", ""no""]","{""raw_index"": 38, ""image_id"": ""391187""}",True
vqav2_16,vqav2,vqav2,Is the bear wearing shoes?,no,"[""no"", ""no"", ""no"", ""no"", ""no"", ""no"", ""no"", ""no"", ""no"", ""no""]","{""raw_index"": 16, ""image_id"": ""4396""}",True
vqav2_51,vqav2,vqav2,How many blondes in the photo?,1,"[""1"", ""2"", ""1"", ""2"", ""1"", ""1"", ""1"", ""1"", ""2"", ""1""]","{""raw_index"": 51, ""image_id"": ""538163""}",True
vqav2_2,vqav2,vqav2,Is the light on?,yes,"[""yes"", ""yes"", ""no"", ""yes"", ""yes"", ""no"", ""yes"", ""no"", ""no"", ""yes""]","{""raw_index"": 2, ""image_id"": ""134483""}",True
vqav2_46,vqav2,vqav2,Is this an open floor plan?,yes,"[""yes"", ""yes"", ""yes"", ""yes"", ""yes"", ""no"", ""no"", ""yes"", ""yes"", ""yes""]","{""raw_index"": 46, ""image_id"": ""121611""}",True
vqav2_99,vqav2,vqav2,Are any of the televisions on?,no,"[""no"", ""no"", ""no"", ""no"", ""no"", ""no"", ""no"", ""no"", ""no"", ""no""]","{""raw_index"": 99, ""image_id"": ""82229""}",True
vqav2_34,vqav2,vqav2,Is it sunny?,yes,"[""yes"", ""yes"", ""yes"", ""yes"", ""no"", ""yes"", ""yes"", ""yes"", ""yes"", ""yes""]","{""raw_index"": 34, ""image_id"": ""137844""}",True
vqav2_7,vqav2,vqav2,What color jacket is the person on the left wearing?,green,"[""yellow"", ""green"", ""green"", ""blue"", ""green"", ""green"", ""green"", ""blue"", ""yellow"", ""green""]","{""raw_index"": 7, ""image_id"": ""413522""}",True
vqav2_60,vqav2,vqav2,Is the pizza pie on a plate?,yes,"[""yes"", ""yes"", ""yes"", ""yes"", ""yes"", ""yes"", ""yes"", ""yes"", ""yes"", ""yes""]","{""raw_index"": 60, ""image_id"": ""82554""}",True
vqav2_61,vqav2,vqav2,What type of pizza is that?,pepperoni,"[""veggie"", ""pepperoni"", ""pepperoni"", ""margherita"", ""pepperoni"", ""pepperoni"", ""pepperoni"", ""pepperoni and cheese"", ""tomato"", ""veggie""]","{""raw_index"": 61, ""image_id"": ""411282""}",True
vqav2_66,vqav2,vqav2,What animal is in the picture?,zebra,"[""zebra"", ""zebra"", ""zebra"", ""zebra"", ""zebra"", ""zebra"", ""zebra"", ""zebra"", ""zebra"", ""zebra""]","{""raw_index"": 66, ""image_id"": ""360512""}",True
vqav2_18,vqav2,vqav2,What does the yellow sign say?,ped xing,"[""can't tell"", ""ped xing"", ""ped xing"", ""ped xing"", ""ped xing"", ""ped xing"", ""pending"", ""pedestrian crossing"", ""pedestrian crossing"", ""ped xing""]","{""raw_index"": 18, ""image_id"": ""406647""}",True
vqav2_40,vqav2,vqav2,What is the scientific name of the animal shown?,bird,"[""bird"", ""crow"", ""bird"", ""bird"", ""black crow"", ""song birds"", ""corvus"", ""don't know"", ""bird"", ""corvus corax""]","{""raw_index"": 40, ""image_id"": ""503660""}",True
vqav2_39,vqav2,vqav2,Is the skateboarder wearing any safety equipment?,no,"[""no"", ""no"", ""no"", ""no"", ""no"", ""no"", ""no"", ""no"", ""no"", ""no""]","{""raw_index"": 39, ""image_id"": ""113095""}",True
vqav2_23,vqav2,vqav2,Has this item been bitten?,yes,"[""yes"", ""yes"", ""yes"", ""yes"", ""yes"", ""yes"", ""yes"", ""yes"", ""yes"", ""no""]","{""raw_index"": 23, ""image_id"": ""527906""}",True
vqav2_36,vqav2,vqav2,Which direction are the zebras walking?,left,"[""west"", ""left"", ""left"", ""left"", ""left"", ""left"", ""left"", ""left"", ""left"", ""left""]","{""raw_index"": 36, ""image_id"": ""393979""}",True
vqav2_12,vqav2,vqav2,What color is the seahorse?,yellow and orange,"[""yellow and orange"", ""yellow and orange"", ""orange and yellow"", ""gray"", ""orange"", ""red and yellow"", ""orange and yellow"", ""orange"", ""yellow and red"", ""yellow and orange""]","{""raw_index"": 12, ""image_id"": ""346214""}",True
vqav2_85,vqav2,vqav2,What color is the dog?,black,"[""black"", ""brown and black"", ""black and tan"", ""brown"", ""black"", ""black, tan"", ""black and brown"", ""not sure"", ""black"", ""black""]","{""raw_index"": 85, ""image_id"": ""446522""}",True
vqav2_52,vqav2,vqav2,How many outlets are there?,3,"[""1"", ""3"", ""4"", ""3"", ""4"", ""2"", ""3"", ""1"", ""4"", ""2""]","{""raw_index"": 52, ""image_id"": ""445658""}",True
vqav2_98,vqav2,vqav2,Is it a sunny day?,yes,"[""yes"", ""yes"", ""yes"", ""yes"", ""yes"", ""yes"", ""yes"", ""yes"", ""yes"", ""yes""]","{""raw_index"": 98, ""image_id"": ""418092""}",True
vqav2_44,vqav2,vqav2,Are there leaves on the trees?,yes,"[""yes"", ""yes"", ""yes"", ""yes"", ""yes"", ""yes"", ""yes"", ""yes"", ""yes"", ""yes""]","{""raw_index"": 44, ""image_id"": ""415828""}",True
vqav2_74,vqav2,vqav2,What is the cow eating?,grass,"[""grass"", ""grass"", ""grass"", ""grass"", ""grass"", ""grass"", ""grass"", ""grass"", ""grass"", ""grass""]","{""raw_index"": 74, ""image_id"": ""104095""}",True
vqav2_63,vqav2,vqav2,What is on the skateboarders head?,hood,"[""nothing"", ""hood"", ""hood"", ""hood"", ""hoodie"", ""hood"", ""hood"", ""hood"", ""hood"", ""hoodie""]","{""raw_index"": 63, ""image_id"": ""142360""}",True
vqav2_59,vqav2,vqav2,Where is the horse's rider?,on beach,"[""on beach"", ""in front of him"", ""front of horse"", ""on beach"", ""taking rest"", ""not on horse"", ""in front of horse"", ""in front"", ""in front of horse"", ""walking""]","{""raw_index"": 59, ""image_id"": ""331242""}",True
vqav2_47,vqav2,vqav2,What kind of drink is in the glass?,pepsi,"[""pepsi"", ""soda"", ""pepsi"", ""pepsi"", ""pepsi"", ""paper cup"", ""pepsi"", ""pepsi"", ""pepsi"", ""pepsi""]","{""raw_index"": 47, ""image_id"": ""311303""}",True
vqav2_8,vqav2,vqav2,What color shoes is the girl wearing?,red,"[""red"", ""red and yellow"", ""black"", ""red and yellow"", ""red"", ""red"", ""red and yellow"", ""red"", ""red and yellow"", ""red""]","{""raw_index"": 8, ""image_id"": ""248069""}",True
vqav2_33,vqav2,vqav2,What is in the bottles?,beer,"[""beer"", ""beer"", ""beverage"", ""beer"", ""beer"", ""beer"", ""sauce"", ""beer"", ""beer"", ""bear""]","{""raw_index"": 33, ""image_id"": ""91883""}",True
vqav2_87,vqav2,vqav2,How many zebras are there?,1,"[""1"", ""1"", ""1"", ""1"", ""1"", ""1"", ""1"", ""1"", ""1"", ""1""]","{""raw_index"": 87, ""image_id"": ""447194""}",True
vqav2_26,vqav2,vqav2,What brand is the remote control?,lg,"[""toshiba"", ""sony"", ""sharp"", ""verizon"", ""lg"", ""comcast"", ""rca"", ""lg"", ""trees"", ""rca""]","{""raw_index"": 26, ""image_id"": ""346586""}",True
vqav2_83,vqav2,vqav2,What is happening to the wheels?,going up,"[""they're retracting"", ""they're raising"", ""going up"", ""going up"", ""going in"", ""their turning in"", ""retracting"", ""retracting"", ""going in"", ""closing""]","{""raw_index"": 83, ""image_id"": ""330079""}",True
vqav2_49,vqav2,vqav2,Is this room a kitchen?,yes,"[""yes"", ""yes"", ""yes"", ""yes"", ""yes"", ""could be"", ""yes"", ""yes"", ""yes"", ""yes""]","{""raw_index"": 49, ""image_id"": ""559101""}",True
vqav2_80,vqav2,vqav2,What is the person doing?,texting,"[""texting"", ""texting"", ""using phone"", ""on phone"", ""looking at phone"", ""using phone"", ""texting"", ""texting"", ""looking at phone"", ""checking phone""]","{""raw_index"": 80, ""image_id"": ""14549""}",True
vqav2_96,vqav2,vqav2,Is the elephant trying to help?,yes,"[""yes"", ""yes"", ""yes"", ""yes"", ""yes"", ""y"", ""yes"", ""yes"", ""yes"", ""no""]","{""raw_index"": 96, ""image_id"": ""357354""}",True
vqav2_32,vqav2,vqav2,Are the benches attached to the table?,yes,"[""yes"", ""yes"", ""yes"", ""yes"", ""yes"", ""yes"", ""yes"", ""yes"", ""yes"", ""yes""]","{""raw_index"": 32, ""image_id"": ""329421""}",True
vqav2_21,vqav2,vqav2,What are the cables attached to that is out of the picture?,kite,"[""plane"", ""kite"", ""parasail"", ""kite"", ""windsail"", ""sail of some sort"", ""kite"", ""parasail"", ""kite"", ""kite""]","{""raw_index"": 21, ""image_id"": ""470513""}",True
vqav2_30,vqav2,vqav2,What has spots?,giraffe,"[""giraffe"", ""giraffe"", ""giraffe"", ""giraffe"", ""giraffe"", ""giraffes"", ""giraffe"", ""giraffes"", ""giraffes"", ""giraffe""]","{""raw_index"": 30, ""image_id"": ""192970""}",True
vqav2_37,vqav2,vqav2,How many pizza's are on the stove?,2,"[""3"", ""2"", ""2"", ""2"", ""2"", ""3"", ""6"", ""4"", ""3"", ""2""]","{""raw_index"": 37, ""image_id"": ""251920""}",True
vqav2_76,vqav2,vqav2,What are the couple looking at?,newspapers,"[""newspapers"", ""paper"", ""newspaper"", ""newspapers"", ""reading material"", ""newspapers"", ""newspapers"", ""newspapers"", ""newspaper"", ""newspaper""]","{""raw_index"": 76, ""image_id"": ""516422""}",True
vqav2_92,vqav2,vqav2,What kind of event would feature these types of planes?,air show,"[""air show"", ""airshow"", ""air show"", ""air show"", ""air show"", ""air show"", ""air show"", ""airshow"", ""airshow"", ""airshow""]","{""raw_index"": 92, ""image_id"": ""504378""}",True
vqav2_48,vqav2,vqav2,What are they celebrating?,wedding,"[""wedding"", ""wedding"", ""wedding"", ""wedding"", ""wedding"", ""wedding"", ""wedding"", ""wedding"", ""wedding"", ""wedding""]","{""raw_index"": 48, ""image_id"": ""31041""}",True
vqav2_45,vqav2,vqav2,How many cars are parked?,1,"[""1"", ""0"", ""0"", ""1"", ""1"", ""1"", ""1"", ""1"", ""1"", ""1""]","{""raw_index"": 45, ""image_id"": ""424554""}",True
vqav2_72,vqav2,vqav2,Are there trees in the background?,no,"[""no"", ""no"", ""no"", ""no"", ""0"", ""no"", ""no"", ""no"", ""no"", ""no""]","{""raw_index"": 72, ""image_id"": ""403065""}",True
vqav2_56,vqav2,vqav2,Is there a stop sign behind the vehicle?,yes,"[""yes"", ""yes"", ""yes"", ""yes"", ""yes"", ""yes"", ""yes"", ""yes"", ""yes"", ""yes""]","{""raw_index"": 56, ""image_id"": ""391392""}",True
vqav2_55,vqav2,vqav2,What color is the traffic light?,yellow,"[""yellow"", ""yellow"", ""yellow"", ""yellow"", ""yellow"", ""yellow"", ""yellow"", ""yellow"", ""yellow"", ""yellow""]","{""raw_index"": 55, ""image_id"": ""175867""}",True
vqav2_10,vqav2,vqav2,How many kites have legs?,3,"[""3"", ""3"", ""3"", ""3"", ""3"", ""3"", ""3"", ""3"", ""2"", ""3""]","{""raw_index"": 10, ""image_id"": ""499727""}",True
vqav2_73,vqav2,vqav2,What is unusual about this picture?,bird,"[""bird on door handle"", ""bird"", ""bird on door handle"", ""bird on door"", ""bird"", ""bird on handle"", ""pigeon on handle of car"", ""bird sitting on door handle"", ""bird"", ""bird on handle""]","{""raw_index"": 73, ""image_id"": ""137490""}",True
vqav2_78,vqav2,vqav2,Is there a forest in the foreground from the flags?,no,"[""no"", ""no"", ""no"", ""no"", ""no"", ""yes"", ""no"", ""no"", ""no"", ""no""]","{""raw_index"": 78, ""image_id"": ""273551""}",True
vqav2_15,vqav2,vqav2,What color is the disk?,green,"[""green"", ""green and red"", ""green"", ""green/black/red"", ""green"", ""green"", ""green"", ""green"", ""green"", ""green""]","{""raw_index"": 15, ""image_id"": ""455506""}",True
vqav2_70,vqav2,vqav2,What is on the night stand in front of the alarm clock?,eyeglasses,"[""glasses"", ""eyeglasses"", ""glasses"", ""eyeglasses"", ""eyeglasses"", ""glasses"", ""eyeglasses"", ""clock radio"", ""eyeglasses"", ""glasses""]","{""raw_index"": 70, ""image_id"": ""552217""}",True
vqav2_1,vqav2,vqav2,Is there another bus behind this one?,no,"[""no"", ""no"", ""no"", ""no"", ""no"", ""no"", ""no"", ""no"", ""no"", ""no""]","{""raw_index"": 1, ""image_id"": ""278161""}",True
vqav2_50,vqav2,vqav2,Are there figures in the background?,yes,"[""yes"", ""yes"", ""yes"", ""yes"", ""yes"", ""yes"", ""yes"", ""yes"", ""yes"", ""yes""]","{""raw_index"": 50, ""image_id"": ""55395""}",True
vqav2_65,vqav2,vqav2,How many plates are there?,2,"[""2"", ""2"", ""2"", ""2"", ""2"", ""2"", ""2"", ""2"", ""2"", ""2""]","{""raw_index"": 65, ""image_id"": ""311304""}",True
vqav2_9,vqav2,vqav2,Is the skier going up or down the hill?,up,"[""up"", ""up"", ""up"", ""up"", ""up"", ""up"", ""up"", ""up"", ""up"", ""up""]","{""raw_index"": 9, ""image_id"": ""145824""}",True
vqav2_91,vqav2,vqav2,What is the child doing?,looking at record,"[""looking record"", ""brushing her teeth"", ""looking at record"", ""looking at record"", ""looking"", ""playing"", ""exploring"", ""holding record"", ""looking at record"", ""looking""]","{""raw_index"": 91, ""image_id"": ""563281""}",True
vqav2_41,vqav2,vqav2,What color is the motorcycle in the front?,red,"[""red"", ""red"", ""red"", ""red"", ""red and green"", ""red green and blue"", ""red"", ""red"", ""red"", ""red""]","{""raw_index"": 41, ""image_id"": ""455610""}",True
vqav2_42,vqav2,vqav2,Is this the beach?,no,"[""no"", ""no"", ""yes"", ""no"", ""no"", ""no"", ""no"", ""no"", ""no"", ""no""]","{""raw_index"": 42, ""image_id"": ""442952""}",True
